"","ID_DIRECTORIO","ID_IDENTIFICACION","REGION_H","R_P_C","ESTH","SECH","TIPO","MESH","VIVH","HOGH","ANO_ENCUESTA","EDADJH","SEXOJH","CURSOJH","NIVELJH","TERMINO_NIVELJH","CINEJH","PROVEEDOR","NACIONALIDAD","CONYUGALJH","INFORMANTE","GRUPO_EDAD","TOTPERH","TOTMENH","TOTMAYH","TOTFTH","TOTOCUPH","TOTDESOH","TOTFFTH","PERCH","PERCOCUH","GRUJH1","CISEJH","B8JH","B9JH","B10JH","B11JH","B12JH","RAM_SUBCJH1","RAM_SUBCJH1_REV4CL_CAENES","RAMJH1","RAMJH1_REV4CL_CAENES","TEMJH","B16JH","MESES_EMPLEO","TME","B19JH","HOR_HABJH","HOR_EFEJH","GRU_CESJH1","CISE_CESJH","RAM_CESJH1","RAM_CESJH1_REV4CL_CAENES","SS_T","SVAR_T","REG_T","ING_T_D","GAN_T","ING_T_CP","ING_T_EMP","AUTOCONSUMO_T","AHORROIMP_T","ING_T_I","ING_T_I_AI","ING_OT","ING_T_T","ING_T_T_AI","ING_A_P","ING_A_OB","ING_A_T","TIPO_VIVIENDA","VIVIENDA_OTRO","ALQ_IMP","ING_CAH","ING_INT","ING_DIV","ING_P_T","JUBVEJEZ_T","JUBINVALIDEZ_T","MONTEPIO_T","ING_JUB","PORFAND_T","PDISCAP_T","PESTADO_T","PALIMENT_T","POTRAS_T","ING_PEN","SUF_T","SUBOTROS_T","ING_SUBE","ING_SUBC","BECAEST_T","DONACIONES_T","REMESAS_T","ING_BDR","SALEXT_T","OTRAFUENT_T","ING_OTROS","ING_AUT","ING_MON","ING_TOTAL","ING_TOTAL_E","ING_PROM","ING_PROM_AUT","CSE_ESPECIFICOJH","FACT_HOG","DECILH"
"1",19373,206185,11,11201,11041,NA,1,11,2,1,2016,31,1,4,5,1,5,1,"00",2,NA,3,5,1,4,2,2,0,2,4,2,8,3,1,2,NA,2,1,"",NA,3,2,5,7,47,6,2,51,84,NA,NA,NA,NA,1100000,0,0,1100000,0,0,0,0,0,0,0,70000,1170000,1170000,0,0,0,3,"",2e+05,0,0,0,0,0,0,0,0,0,0,0,0,0,0,0,0,0,0,360601,0,0,360601,0,0,0,1530601,1530601,1730601,222342673.707624,346120.2,306120.2,1,128.477143898347,7
"2",14095,221785,13,13132,13311,NA,1,10,11,1,2016,32,1,5,9,1,7,1,"00",3,1,3,2,0,2,2,2,0,0,2,2,2,2,NA,NA,NA,NA,NA,"",NA,11,13,1,3,26,5,2,50,40,NA,NA,NA,NA,550917.793781839,0,0,550917.793781839,701168.101176886,701168.101176886,0,0,0,701168.101176886,701168.101176886,0,1252085.89495872,1252085.89495872,0,0,0,1,"",0,0,0,0,0,0,0,0,0,0,0,0,0,0,0,0,0,0,0,0,0,0,0,0,0,0,1252085.89495872,1252085.89495872,1252085.89495872,111725898.287902,626042.947479362,626042.947479362,1,89.2318160740763,9
"3",21941,219270,4,4102,4011,NA,1,12,2,1,2016,53,2,4,4,1,5,1,"00",5,1,5,2,0,2,2,2,0,0,1,1,5,2,NA,NA,NA,NA,NA,"",NA,7,7,1,4,30,5,2,55,60,NA,NA,NA,NA,0,0,0,0,250602.964604663,250602.964604663,0,0,249868.547892384,250602.964604663,734.416712278035,0,250602.964604663,734.416712278035,0,0,0,3,"",249868.547892384,0,0,0,0,0,0,0,0,0,0,0,0,0,0,0,0,0,0,0,0,0,0,0,0,0,250602.964604663,250602.964604663,500471.512497047,132522694.593117,250235.756248524,125301.482302331,1,264.795680241439,5
"4",18729,199069,15,15101,15049,99,3,10,10,1,2016,34,1,4,4,1,5,1,"20042",3,NA,3,2,0,2,2,2,0,0,2,2,3,1,NA,NA,NA,NA,NA,"",NA,4,3,2,3,22,4,2,60,60,NA,NA,NA,NA,0,0,0,0,500834.35798349,0,500834.35798349,0,0,500834.35798349,500834.35798349,214941.078078342,715775.436061832,715775.436061832,0,0,0,3,"",80133.4972773584,0,0,0,0,0,0,0,0,0,0,0,0,0,0,0,0,0,0,0,0,0,0,0,0,0,715775.436061832,715775.436061832,795908.933339191,26914541.6886067,397954.466669595,357887.718030916,1,33.8161070459258,8
"5",24205,233844,12,12101,12011,NA,1,11,4,1,2016,58,1,4,5,1,5,1,"00",1,1,6,3,1,2,2,2,0,0,2,2,3,1,NA,NA,NA,NA,NA,"",NA,4,3,1,3,431,8,2,60,60,NA,NA,NA,NA,1e+06,0,0,1e+06,1503518.20970025,0,1503518.20970025,0,0,1503518.20970025,1503518.20970025,0,2503518.20970025,2503518.20970025,0,0,0,3,"",450000,0,0,0,0,0,0,0,0,0,0,0,0,0,0,0,0,0,0,0,0,0,0,0,0,0,2503518.20970025,2503518.20970025,2953518.20970025,394201846.331,984506.069900083,834506.069900083,1,133.468568108475,10
"6",13328,220737,13,13114,13301,NA,1,10,4,1,2016,41,1,5,9,1,7,1,"00",1,1,4,4,1,3,2,2,0,1,3,2,1,3,1,2,NA,2,1,"",NA,11,13,1,1,28,5,2,45,45,NA,NA,NA,NA,3105173.01949764,0,126210.258211839,3231383.27770948,0,0,0,0,0,0,0,0,3231383.27770948,3231383.27770948,0,0,0,3,"",350584.050588443,0,0,0,0,150250.307395047,0,0,150250.307395047,0,0,0,0,0,0,0,0,0,0,107403.928069559,0,0,107403.928069559,0,0,0,3489037.51317408,3489037.51317408,3839621.56376253,480413980.04226,959905.390940632,872259.378293521,1,125.120138030346,10
"7",21540,210929,7,7401,7071,NA,1,10,5,1,2016,30,1,3,8,1,6,1,"00",2,1,3,3,1,2,1,1,0,1,2,1,NA,0,NA,NA,NA,NA,NA,"",NA,NA,NA,NA,NA,NA,NA,NA,NA,NA,8,3,9,8,150250.307395047,0,0,150250.307395047,0,0,0,0,0,0,0,0,150250.307395047,150250.307395047,0,0,0,1,"",0,0,0,0,0,0,0,0,0,0,0,0,0,0,0,0,0,0,0,107189.570964342,34056.7363428773,0,141246.30730722,0,0,0,291496.614702267,291496.614702267,291496.614702267,16074440.7252008,97165.5382340889,97165.5382340889,23,55.144519402461,1
"8",23251,210460,12,12101,12011,NA,1,10,6,1,2016,60,2,8,3,1,4,0,"00",5,1,6,2,0,2,1,1,0,1,2,1,NA,0,NA,NA,NA,NA,NA,"",NA,NA,NA,NA,NA,NA,NA,NA,NA,NA,3,3,8,9,0,0,0,0,60100.1229580188,60100.1229580188,0,0,0,60100.1229580188,60100.1229580188,0,60100.1229580188,60100.1229580188,0,0,0,4,"",200333.743193396,0,0,0,0,0,0,0,0,0,0,0,0,0,0,0,0,0,0,0,0,0,0,0,0,0,60100.1229580188,60100.1229580188,260433.866151415,22921500.2620759,130216.933075707,30050.0614790094,23,88.0127481145231,1
"9",21567,211004,15,15101,15011,NA,1,10,3,1,2016,81,2,3,3,2,3,1,"00",4,1,7,3,0,3,1,1,0,2,2,1,NA,0,NA,NA,NA,NA,NA,"",NA,NA,NA,NA,NA,NA,NA,NA,NA,NA,7,3,4,3,0,0,0,0,300763.789307085,300763.789307085,0,0,0,300763.789307085,300763.789307085,0,300763.789307085,300763.789307085,0,0,0,3,"",150250.307395047,0,0,0,0,0,0,0,0,0,0,100166.871596698,0,0,100166.871596698,0,0,0,0,0,0,0,0,0,0,0,400930.660903783,400930.660903783,551180.96829883,19134071.8524123,183726.989432943,133643.553634594,19,34.7146816615745,3
"10",22887,235503,7,7401,7071,NA,1,12,8,1,2016,39,1,4,4,1,5,0,"00",2,NA,4,2,0,2,2,1,1,0,1,1,NA,0,NA,NA,NA,NA,NA,"",NA,NA,NA,NA,NA,NA,NA,NA,NA,NA,7,3,6,6,599684.514941723,0,0,599684.514941723,0,0,0,0,0,0,0,0,599684.514941723,599684.514941723,0,0,0,1,"",0,0,0,0,0,0,0,0,0,0,0,0,0,0,0,0,0,0,0,0,0,0,0,0,0,0,599684.514941723,599684.514941723,599684.514941723,23663194.539935,299842.257470861,299842.257470861,8,39.4594056547127,6
"11",23402,213508,7,7301,7011,NA,1,12,3,1,2016,29,1,4,4,1,5,1,"00",2,1,2,3,1,2,2,2,0,0,2,2,5,3,1,2,NA,2,1,"",NA,8,9,4,1,82,7,2,45,50,NA,NA,NA,NA,659652.966435895,0,406785.995968802,1066438.9624047,0,0,0,0,0,0,0,0,1066438.9624047,1066438.9624047,0,0,0,1,"",0,0,0,0,0,0,0,0,0,0,0,0,0,0,0,10571.438524231,2998.42257470861,13569.8610989396,0,39258.3467706599,0,0,39258.3467706599,0,0,0,1105697.30917536,1119267.1702743,1119267.1702743,245596495.26044,373089.056758099,368565.769725119,1,219.426158278413,7
"12",24254,235095,8,8401,8011,NA,1,12,21,1,2016,43,1,2,4,2,5,1,"00",1,0,4,6,3,3,1,1,0,2,2,1,7,3,1,1,2,2,2,"3",2,3,2,5,7,3,1,2,40,56,NA,NA,NA,NA,799579.35325563,0,0,799579.35325563,0,0,0,0,0,0,0,0,799579.35325563,799579.35325563,0,0,0,3,"",99947.4191569538,0,0,0,0,0,0,0,0,0,0,0,0,0,0,0,0,0,0,321623.798527736,0,0,321623.798527736,0,0,0,1121203.15178337,1121203.15178337,1221150.57094032,75088007.644278,203525.09515672,186867.191963894,1,61.4895570056181,4
"13",12937,200614,10,10106,10099,195,3,11,2,1,2016,50,2,8,3,1,4,1,"00",3,1,5,2,0,2,1,1,0,1,1,1,7,2,NA,NA,NA,NA,NA,"",NA,7,19,1,5,107,7,2,8,6,NA,NA,NA,NA,0,0,0,0,15000,20000,0,5000,20000,20000,0,0,20000,0,0,0,0,3,"",50000,0,0,0,0,0,0,0,0,0,0,0,0,0,0,0,0,0,0,0,0,0,0,0,0,0,20000,20000,70000,7341665.47766645,35000,10000,1,104.880935395235,1
"14",16784,184637,6,6204,6079,2766,3,11,11,1,2016,48,1,1,4,2,5,1,"00",1,1,5,4,0,4,1,1,0,3,3,1,NA,0,NA,NA,NA,NA,NA,"",NA,NA,NA,NA,NA,NA,NA,NA,NA,NA,8,3,9,8,5e+05,0,0,5e+05,0,0,0,0,0,0,0,5e+05,1e+06,1e+06,0,0,0,3,"",1e+05,0,0,0,0,0,0,0,0,0,0,0,0,0,0,0,0,0,0,85907,0,0,85907,0,0,0,1085907,1085907,1185907,38436009.0754807,296476.75,271476.75,25,32.4106435626745,6
"15",23659,220045,3,3101,3021,NA,1,12,2,1,2016,75,2,8,3,1,4,1,"00",4,1,7,1,0,1,0,0,0,1,1,0,NA,0,NA,NA,NA,NA,NA,"",NA,NA,NA,NA,NA,NA,NA,NA,NA,NA,NA,NA,NA,NA,0,0,0,0,0,0,0,0,0,0,0,0,0,0,0,0,0,3,"",199894.838313908,0,0,0,0,0,0,199894.838313908,199894.838313908,0,0,0,0,0,0,0,6996.31934098677,6996.31934098677,0,0,0,0,0,0,0,0,199894.838313908,206891.157654894,406785.995968802,160564882.895385,406785.995968802,199894.838313908,19,394.715856707367,8
"16",7084,194011,13,13504,13439,908,3,10,5,1,2016,56,1,4,3,2,3,1,"00",1,NA,6,3,0,3,3,3,0,0,3,3,9,3,1,2,NA,2,1,"",NA,1,1,2,8,1,1,2,50,70,NA,NA,NA,NA,515859.388722995,100166.871596698,0,616026.260319693,0,0,0,0,0,0,0,80203.677148556,696229.937468249,696229.937468249,0,0,0,2,"",0,0,0,0,0,0,0,0,0,0,0,0,0,0,0,0,0,0,0,0,0,0,0,0,0,0,696229.937468249,696229.937468249,696229.937468249,159293312.300696,232076.64582275,232076.64582275,1,228.794114886737,4
"17",21562,209747,13,13301,13471,NA,1,10,5,1,2016,58,2,2,4,2,5,0,"00",1,1,6,3,0,3,2,2,0,1,3,2,9,2,NA,NA,NA,NA,NA,"",NA,8,9,1,6,92,7,2,30,30,NA,NA,NA,NA,325213,0,0,325213,10016.6871596698,10016.6871596698,0,0,0,10016.6871596698,10016.6871596698,0,335229.68715967,335229.68715967,0,0,0,3,"",180300.368874056,0,0,0,0,0,0,0,0,0,0,0,0,0,0,0,0,0,0,32053.3989109434,0,0,32053.3989109434,0,0,0,367283.086070613,367283.086070613,547583.45494467,72330675.6822529,182527.81831489,122427.695356871,1,132.09068869614,3
"18",23033,206798,1,1101,1021,NA,1,11,6,1,2016,49,2,4,4,1,5,1,"20042",3,1,5,3,2,1,0,0,0,1,1,0,NA,0,NA,NA,NA,NA,NA,"",NA,NA,NA,NA,NA,NA,NA,NA,NA,NA,9,3,6,6,0,0,0,0,0,0,0,0,0,0,0,0,0,0,0,0,0,1,"",0,0,0,0,0,0,0,0,0,0,0,0,1e+05,0,1e+05,31731,0,31731,0,140987,40000,0,180987,0,0,0,280987,312718,312718,33390441.308442,104239.333333333,93662.3333333333,13,106.774925998638,1
"19",4210,177653,8,8402,8039,904,3,10,2,1,2016,50,1,8,3,1,4,1,"00",1,1,5,3,0,3,2,2,0,1,2,1,9,3,1,2,NA,2,1,"",NA,1,1,1,1,58,6,2,70,70,NA,NA,NA,NA,257929.694361497,30050.0614790094,111185.227472335,399164.983312842,0,0,0,0,0,0,0,0,399164.983312842,399164.983312842,0,0,0,5,"",0,0,0,0,0,0,0,0,0,0,93699.0966976992,0,0,0,93699.0966976992,0,17872.7748989988,17872.7748989988,0,0,0,0,0,0,0,0,492864.080010541,510736.85490954,510736.85490954,141551287.660136,170245.61830318,164288.02667018,1,277.151112749065,3
"20",16368,203867,5,5701,5052,2546,2,10,1,1,2016,73,2,5,9,1,7,1,"00",5,1,7,4,1,3,0,0,0,3,1,0,NA,0,NA,NA,NA,NA,NA,"",NA,NA,NA,NA,NA,NA,NA,NA,NA,NA,2,4,14,17,0,0,0,0,0,0,0,0,0,0,0,0,0,0,0,0,0,3,"",200333.743193396,0,0,0,0,1001668.71596698,0,0,1001668.71596698,0,0,0,0,0,0,0,0,0,0,73151.8663270686,150250.307395047,0,223402.173722116,0,0,0,1225070.8896891,1225070.8896891,1425404.63288249,206537243.571109,356351.158220623,306267.722422274,21,144.89727254039,7
"21",20992,228346,5,5502,5201,NA,1,11,10,1,2016,37,2,4,4,1,5,1,"00",2,1,4,3,1,2,2,2,0,0,2,2,9,5,1,2,NA,2,NA,"",NA,16,20,NA,NA,9,3,2,45,0,NA,NA,NA,NA,550000,0,0,550000,0,0,0,0,0,0,0,0,550000,550000,0,0,0,4,"",80000,0,0,0,0,0,0,0,0,0,0,0,0,0,0,10577,0,10577,0,102900,0,0,102900,0,0,0,652900,663477,743477,26668365.9752032,247825.666666667,217633.333333333,5,35.8697928452436,5
"22",21096,213201,5,5302,5032,7,2,12,2,1,2016,83,1,0,0,2,1,1,"00",3,1,7,1,0,1,0,0,0,1,1,0,NA,0,NA,NA,NA,NA,NA,"",NA,NA,NA,NA,NA,NA,NA,NA,NA,NA,9,3,1,1,0,0,0,0,0,0,0,0,0,0,0,0,0,0,0,0,0,4,"",19989.4838313908,0,0,0,0,169910.612566821,0,0,169910.612566821,0,0,0,0,0,0,0,0,0,0,0,0,0,0,0,0,0,169910.612566821,169910.612566821,189900.096398212,7113323.52097865,189900.096398212,169910.612566821,21,37.4582407060095,3
"23",22237,223203,13,13201,13351,NA,1,11,1,1,2016,57,2,4,5,1,5,1,"00",1,0,6,2,0,2,1,1,0,1,1,1,4,4,1,2,NA,2,1,"",NA,12,15,4,1,359,8,2,44,26,NA,NA,NA,NA,430467,0,0,430467,0,0,0,0,0,0,0,0,430467,430467,0,0,0,3,"",250000,0,0,0,0,0,0,0,0,0,0,0,0,0,0,0,0,0,0,0,0,0,0,0,0,0,430467,430467,680467,917779984.812985,340233.5,215233.5,1,1348.75017423767,7
"24",24187,233143,5,5601,5161,NA,1,11,2,1,2016,52,2,5,5,1,5,1,"00",3,1,5,1,0,1,1,1,0,0,1,1,9,3,2,1,6,4,1,"",NA,16,20,1,2,2,1,2,40,40,NA,NA,NA,NA,190000,0,0,190000,0,0,0,0,0,0,0,0,190000,190000,0,0,0,3,"",80000,0,0,0,0,0,0,0,0,0,0,0,0,0,0,0,0,0,0,0,0,0,0,0,0,0,190000,190000,270000,18644139.3761767,270000,190000,1,69.0523680599135,5
"25",21735,181379,10,10306,10069,166,3,12,1,1,2016,77,1,6,3,1,3,1,"00",1,1,7,2,0,2,1,1,0,1,2,1,6,2,NA,NA,NA,NA,NA,"",NA,1,1,1,8,360,8,2,35,35,NA,NA,NA,NA,0,0,0,0,0,199894.838313908,0,199894.838313908,0,199894.838313908,199894.838313908,0,199894.838313908,199894.838313908,0,0,0,3,"",99947,0,0,0,0,0,0,0,0,0,0,186987.628603979,0,0,186987.628603979,0,0,0,0,0,0,0,0,0,0,0,386882.466917886,386882.466917886,486829.466917886,44780513.3096205,243414.733458943,193441.233458943,1,91.9839827961228,5
"26",21697,218589,8,8102,8081,NA,1,12,4,1,2016,64,2,5,5,1,5,1,"00",3,1,6,1,0,1,0,0,0,1,1,0,NA,0,NA,NA,NA,NA,NA,"",NA,NA,NA,NA,NA,NA,NA,NA,NA,NA,4,4,3,2,0,0,0,0,0,0,0,0,0,0,0,0,0,0,0,0,0,3,"",149921.128735431,0,0,0,0,109942.161072649,0,0,109942.161072649,0,0,0,0,0,0,0,0,0,0,0,0,0,0,0,0,0,109942.161072649,109942.161072649,259863.28980808,14266144.920918,259863.28980808,109942.161072649,24,54.8986543326462,5
"27",22030,220623,5,5101,5101,NA,1,10,6,1,2016,47,2,3,9,2,7,1,"00",4,0,5,5,1,4,3,3,0,1,4,3,9,2,NA,NA,NA,NA,NA,"",NA,11,14,1,2,0,1,2,24,24,NA,NA,NA,NA,120200.245916038,25041.7178991745,0,145241.963815212,0,0,0,0,0,0,0,30050.0614790094,175292.025294222,175292.025294222,0,0,0,3,"",100166.871596698,0,0,0,0,0,0,400667.486386792,400667.486386792,520867.73230283,0,0,0,0,520867.73230283,0,0,0,0,763271.561566839,0,0,763271.561566839,0,0,0,1860098.80555068,1860098.80555068,1960265.67714738,253453753.552497,392053.135429476,372019.761110136,1,129.295613603421,8
"28",22915,235502,13,13114,13301,NA,1,12,2,1,2016,75,1,5,9,1,7,1,"00",1,1,7,5,0,5,4,4,0,1,5,4,2,1,NA,NA,NA,NA,NA,"",NA,10,11,1,1,120,7,2,40,32,NA,NA,NA,NA,1499211.28735431,0,0,1499211.28735431,1998948.38313908,0,1998948.38313908,0,0,1998948.38313908,1998948.38313908,0,3498159.67049338,3498159.67049338,0,0,0,3,"",999474.191569538,0,0,0,0,788974.932083078,0,0,788974.932083078,0,0,83340.1559898344,0,0,83340.1559898344,0,0,0,0,0,0,0,0,0,0,0,4370474.75856629,4370474.75856629,5369948.95013583,1632554465.05968,1073989.79002717,874094.951713259,1,304.016756996989,10
"29",23307,211497,5,5504,5211,NA,1,11,3,1,2016,55,1,4,5,1,5,1,"00",5,1,6,1,0,1,1,1,0,0,1,1,6,2,NA,NA,NA,NA,NA,"",NA,1,14,1,2,7,3,2,18,12,NA,NA,NA,NA,0,0,0,0,100234.54731335,100234.54731335,0,0,0,100234.54731335,100234.54731335,0,100234.54731335,100234.54731335,0,0,0,3,"",150000,0,0,0,0,0,0,0,0,0,0,0,0,0,0,0,0,0,0,0,0,0,0,0,0,0,100234.54731335,100234.54731335,250234.54731335,35616447.9555666,250234.54731335,100234.54731335,1,142.332257228123,5
"30",22569,233480,13,13119,13131,NA,1,11,11,1,2016,62,1,4,4,1,5,1,"00",1,NA,6,3,0,3,2,1,1,1,2,1,NA,0,NA,NA,NA,NA,NA,"",NA,NA,NA,NA,NA,NA,NA,NA,NA,NA,5,3,7,7,350000,0,0,350000,0,0,0,0,0,0,0,5e+05,850000,850000,0,0,0,3,"",180000,0,0,0,0,0,0,0,0,0,0,0,0,0,0,0,0,0,0,0,0,0,0,0,0,0,850000,850000,1030000,379047579.817571,343333.333333333,283333.333333333,8,368.007359046186,7
"31",21677,213865,4,4301,4051,NA,1,12,1,1,2016,63,1,6,3,2,3,1,"00",1,0,6,3,0,3,1,1,0,2,3,1,5,2,NA,NA,NA,NA,NA,"",NA,7,7,1,6,180,8,2,32,32,NA,NA,NA,NA,0,0,0,0,199894.838313908,211888.528612742,0,11993.6902988345,0,211888.528612742,211888.528612742,0,211888.528612742,211888.528612742,0,0,0,3,"",149921.128735431,0,0,0,0,0,0,0,0,0,93493.8143019893,93493.8143019893,0,0,186987.628603979,0,5996.84514941723,5996.84514941723,0,0,0,0,0,0,0,0,398876.157216721,404873.002366138,554794.131101569,31173396.6574935,184931.377033856,132958.71907224,1,56.1891247760629,3
"32",14123,225499,14,14201,14022,61,2,10,8,1,2016,67,2,6,3,2,3,1,"00",5,1,7,5,0,5,2,2,0,3,4,1,3,2,NA,NA,NA,NA,NA,"",NA,14,17,1,1,178,8,1,3,3,NA,NA,NA,NA,0,0,0,0,50083.435798349,50083.435798349,0,0,0,50083.435798349,50083.435798349,150250.307395047,200333.743193396,200333.743193396,0,0,0,6,"SUCESION",120200.245916038,0,0,0,0,0,0,0,0,0,187398.193395398,93699.0966976992,0,0,281097.290093098,0,56998.956613385,56998.956613385,0,32053.3989109434,0,0,32053.3989109434,0,0,0,513484.432197437,570483.388810822,690683.63472686,197838787.324775,138136.726945372,102696.886439487,1,286.439083507477,2
"33",22579,227462,13,13401,13381,NA,1,11,3,1,2016,59,1,5,3,2,3,1,"00",1,NA,6,4,0,4,4,4,0,0,4,4,9,3,1,1,2,2,2,"11",14,6,6,5,7,148,8,2,45,45,NA,NA,NA,NA,1380000,70000,0,1450000,0,0,0,0,0,0,0,0,1450000,1450000,0,0,0,3,"",40000,0,0,0,0,0,0,0,0,0,0,0,0,0,0,0,0,0,0,0,0,0,0,0,0,0,1450000,1450000,1490000,347378178.399801,372500,362500,1,233.139717046846,7
"34",22329,225381,10,10101,10071,NA,1,12,4,1,2016,56,1,2,4,2,5,1,"00",3,1,6,1,0,1,1,1,0,0,1,1,8,2,NA,NA,NA,NA,NA,"",NA,9,8,1,6,312,8,2,48,48,NA,NA,NA,NA,0,0,0,0,200482.37168373,200482.37168373,0,0,0,200482.37168373,200482.37168373,0,200482.37168373,200482.37168373,0,0,0,3,"",199894.838313908,0,0,0,0,0,0,0,0,0,0,0,0,0,0,0,0,0,0,0,0,0,0,0,0,0,200482.37168373,200482.37168373,400377.209997638,121339012.108053,400377.209997638,200482.37168373,1,303.061735478823,8
"35",23749,221477,4,4301,4051,NA,1,10,4,1,2016,65,2,1,4,2,5,1,"00",4,1,7,4,1,3,3,3,0,0,3,3,9,2,NA,NA,NA,NA,NA,"",NA,16,14,1,3,142,8,2,40,40,NA,NA,NA,NA,350584.050588443,0,0,350584.050588443,80133.4972773584,80133.4972773584,0,0,0,80133.4972773584,80133.4972773584,0,430717.547865801,430717.547865801,0,0,0,3,"",120200.245916038,0,0,0,0,0,0,89148.5157210612,89148.5157210612,0,0,0,0,0,0,0,25886.1246267347,25886.1246267347,0,103286.067978219,0,0,103286.067978219,0,0,0,623152.131565082,649038.256191816,769238.502107854,104680311.211109,192309.625526964,155788.03289127,1,136.083036567027,3
"36",21659,212735,14,14101,14011,NA,1,11,2,1,2016,62,2,5,5,1,5,1,"00",3,1,6,1,0,1,1,1,0,0,1,1,4,4,1,1,4,2,1,"",NA,12,15,5,1,333,8,2,44,44,NA,NA,NA,NA,6e+05,0,0,6e+05,0,0,0,0,0,0,0,0,6e+05,6e+05,0,0,0,2,"",0,0,0,0,0,0,0,120000,120000,0,0,0,0,0,0,0,0,0,0,0,0,0,0,0,0,0,720000,720000,720000,56565302.9365129,720000,720000,1,78.5629207451568,9
"37",9585,224794,13,13201,13351,NA,1,12,2,3,2016,24,2,4,4,1,5,0,"00",2,1,1,3,1,2,1,1,0,1,2,1,NA,0,NA,NA,NA,NA,NA,"",NA,NA,NA,NA,NA,NA,NA,NA,NA,NA,9,3,7,7,349815.967049338,0,39978.9676627815,389794.93471212,0,0,0,0,0,0,0,219884.322145298,609679.256857418,609679.256857418,0,0,0,3,"",99947,0,0,0,0,0,0,0,0,0,0,0,0,0,0,0,0,0,0,0,0,0,0,0,0,0,609679.256857418,609679.256857418,709626.256857418,93630183.0241372,236542.085619139,203226.418952473,13,131.942951827598,5
"38",23461,213474,13,13401,13381,NA,1,12,7,1,2016,44,1,4,9,2,7,1,"00",1,0,4,5,2,3,3,2,1,0,2,2,3,3,1,2,NA,2,1,"",NA,4,3,5,1,19,4,2,45,48,NA,NA,NA,NA,999474.191569538,0,0,999474.191569538,349815.967049338,449763.386206292,0,99947.4191569538,149921.128735431,449763.386206292,299842.257470861,29984.2257470861,1479221.80352292,1329300.67478749,0,0,0,3,"",349815.967049338,0,0,0,0,0,0,0,0,0,0,0,0,0,0,0,0,0,0,161663.951012181,0,0,161663.951012181,0,0,0,1640885.7545351,1640885.7545351,1990701.72158444,309407757.396577,398140.344316887,328177.15090702,1,155.426478031231,8
"39",23437,214214,12,12101,12011,NA,1,12,2,1,2016,67,2,8,3,1,4,0,"00",2,1,7,2,0,2,2,2,0,0,2,2,9,5,2,2,NA,4,NA,"",NA,16,20,NA,NA,10,3,2,15,15,NA,NA,NA,NA,139926.386819735,39978.9676627815,0,179905.354482517,300723.557525595,0,300723.557525595,0,0,300723.557525595,300723.557525595,0,480628.912008112,480628.912008112,0,0,0,3,"",199894.838313908,0,0,0,0,269858.031723775,0,0,269858.031723775,0,0,0,0,0,0,0,35667.2360003505,35667.2360003505,0,0,0,0,0,0,0,0,750486.943731887,786154.179732238,986049.018046145,65001749.9242814,493024.509023073,375243.471865944,1,65.9214184433572,8
"40",7240,234802,3,3101,3021,NA,1,12,8,1,2016,80,2,2,3,2,3,1,"00",4,1,7,1,0,1,0,0,0,1,1,0,NA,0,NA,NA,NA,NA,NA,"",NA,NA,NA,NA,NA,NA,NA,NA,NA,NA,9,6,16,20,0,0,0,0,0,0,0,0,0,0,0,0,0,0,0,0,0,3,"",349815.967049338,0,0,0,0,129931.64490404,0,0,129931.64490404,0,0,0,0,0,0,0,0,0,0,0,0,0,0,0,0,0,129931.64490404,129931.64490404,479747.611953378,30693613.7078956,479747.611953378,129931.64490404,17,63.9786690816887,8
"41",23485,215432,5,5301,5031,NA,1,10,5,1,2016,47,2,4,4,1,5,0,"00",5,1,5,4,1,3,3,2,1,0,3,2,NA,0,NA,NA,NA,NA,NA,"",NA,NA,NA,NA,NA,NA,NA,NA,NA,NA,5,6,16,20,250417.178991745,0,90150.1844370282,340567.363428773,0,0,0,0,0,0,0,0,340567.363428773,340567.363428773,0,0,0,1,"",0,0,0,0,0,0,0,0,0,0,0,0,250417.178991745,0,250417.178991745,0,0,0,0,230815.523888987,67111.8039697877,0,297927.327858775,0,0,0,888911.870279293,888911.870279293,888911.870279293,37087267.8752339,222227.967569823,222227.967569823,8,41.7220976738462,4
"42",23471,215699,1,1107,1051,NA,1,10,2,1,2016,51,1,4,3,2,3,1,"20010",3,1,5,1,0,1,1,1,0,0,1,1,9,2,NA,NA,NA,NA,NA,"",NA,15,19,1,6,26,5,2,50,50,NA,NA,NA,NA,0,0,0,0,200333.743193396,200333.743193396,0,0,0,200333.743193396,200333.743193396,0,200333.743193396,200333.743193396,0,0,0,1,"",0,0,0,0,0,0,0,0,0,0,0,0,0,0,0,0,0,0,0,0,0,0,0,0,0,0,200333.743193396,200333.743193396,200333.743193396,38116622.2744682,200333.743193396,200333.743193396,1,190.26561210745,4
"43",23497,215990,7,7301,7011,NA,1,10,6,1,2016,54,2,4,4,1,5,1,"00",5,NA,5,2,0,2,2,2,0,0,2,1,9,2,NA,NA,NA,NA,NA,"",NA,7,7,1,6,238,8,2,35,35,NA,NA,NA,NA,0,0,0,0,200333.743193396,200333.743193396,0,0,0,200333.743193396,200333.743193396,0,200333.743193396,200333.743193396,200333.743193396,0,200333.743193396,3,"",250417.178991745,0,0,0,200333.743193396,0,0,0,0,0,0,0,0,0,0,0,0,0,0,32053.3989109434,0,0,32053.3989109434,0,0,0,432720.885297735,432720.885297735,683138.06428948,99932240.6805283,341569.03214474,216360.442648868,1,146.284105518942,7
"44",23643,217298,5,5302,5049,19,3,11,7,1,2016,60,1,6,3,2,3,1,"00",1,0,6,3,0,3,3,3,0,0,3,3,9,3,1,1,1,3,1,"",NA,5,5,3,8,6,2,2,45,45,NA,NA,NA,NA,3e+05,0,0,3e+05,50000,50000,0,0,0,50000,50000,250000,6e+05,6e+05,0,0,0,3,"",1e+05,10000,0,0,10000,0,0,0,0,0,0,0,0,0,0,0,0,0,0,0,0,0,0,0,0,0,610000,610000,710000,41198547.2959924,236666.666666667,203333.333333333,1,58.0261229521019,5
"45",23823,222111,5,5103,5221,NA,1,11,2,1,2016,58,2,2,4,2,5,1,"00",5,1,6,5,1,4,2,2,0,2,4,2,NA,0,NA,NA,NA,NA,NA,"",NA,NA,NA,NA,NA,NA,NA,NA,NA,NA,7,2,4,3,0,0,0,0,701641.83119345,701641.83119345,0,0,0,701641.83119345,701641.83119345,57000,758641.83119345,758641.83119345,0,0,0,3,"",3e+05,0,0,0,0,0,0,0,0,0,0,0,0,0,0,20000,0,20000,0,162175,0,0,162175,0,0,0,920816.83119345,940816.83119345,1240816.83119345,156109387.710168,248163.36623869,184163.36623869,21,125.811790899079,5
"46",22428,226980,8,8401,8011,NA,1,10,4,1,2016,56,2,4,4,1,5,0,"00",3,NA,6,2,0,2,1,1,0,1,2,1,NA,0,NA,NA,NA,NA,NA,"",NA,NA,NA,NA,NA,NA,NA,NA,NA,NA,5,3,16,20,400667.486386792,0,0,400667.486386792,0,0,0,0,0,0,0,0,400667.486386792,400667.486386792,0,0,0,4,"",170283.681714387,0,0,0,0,0,103171.877744599,0,103171.877744599,0,0,0,0,0,0,0,0,0,0,0,0,0,0,0,0,0,503839.364131391,503839.364131391,674123.045845777,140881008.348328,337061.522922889,251919.682065695,17,208.984115313212,7
"47",21630,211842,10,10101,10071,NA,1,11,8,1,2016,88,2,2,3,2,3,0,"00",4,0,7,2,0,2,1,1,0,1,2,1,NA,0,NA,NA,NA,NA,NA,"",NA,NA,NA,NA,NA,NA,NA,NA,NA,NA,7,4,12,15,380000,36000,122000,538000,0,0,0,0,0,0,0,0,538000,538000,0,0,0,3,"",3e+05,0,0,0,0,0,0,134000,134000,0,0,0,0,0,0,0,0,0,0,0,0,0,0,0,0,0,672000,672000,972000,98192002.2951385,486000,336000,19,101.020578492941,8
"48",23435,213056,11,11201,11041,NA,1,12,6,1,2016,42,1,2,8,1,6,1,"00",6,1,4,2,0,2,1,1,0,1,2,1,2,2,NA,NA,NA,NA,NA,"",NA,11,13,1,5,94,7,1,30,30,NA,NA,NA,NA,0,0,0,0,599684.514941723,669647.70835159,0,69963.1934098677,0,669647.70835159,669647.70835159,100241.185841865,769888.894193455,769888.894193455,0,0,0,4,"",239873.805976689,0,0,0,0,0,0,0,0,0,0,0,0,0,0,0,0,0,0,189890.101656297,0,0,189890.101656297,0,0,0,959778.995849752,959778.995849752,1199652.80182644,36794474.5579523,599826.400913221,479889.497924876,1,30.6709362091545,9
"49",10441,225893,13,13401,13381,NA,1,10,9,1,2016,70,1,6,3,2,3,1,"00",2,1,7,2,0,2,1,1,0,1,2,1,7,3,1,2,NA,2,1,"",NA,4,3,3,1,154,8,2,45,36,NA,NA,NA,NA,258430.528719481,0,0,258430.528719481,0,0,0,0,0,0,0,0,258430.528719481,258430.528719481,0,0,0,3,"",80133.4972773584,0,0,0,0,120200.245916038,0,160266.994554717,280467.240470754,0,0,0,0,0,0,0,17872.7748989988,17872.7748989988,0,0,0,0,0,0,0,0,538897.769190235,556770.544089234,636904.041366593,33312554.6799785,318452.020683296,269448.884595118,1,52.3038833424583,6
"50",23133,207905,5,5109,5111,NA,1,12,5,1,2016,79,1,6,6,1,5,1,"00",4,1,7,1,0,1,0,0,0,1,1,0,NA,0,NA,NA,NA,NA,NA,"",NA,NA,NA,NA,NA,NA,NA,NA,NA,NA,4,4,12,15,0,0,0,0,0,0,0,0,0,0,0,0,0,0,0,0,0,3,"",399789.676627815,0,0,0,0,599684.514941723,0,0,599684.514941723,0,0,0,0,0,0,0,0,0,0,0,0,0,0,0,0,0,599684.514941723,599684.514941723,999474.191569538,54214700.4974154,999474.191569538,599684.514941723,17,54.2432220408599,10
"51",23070,206073,8,8110,8051,NA,1,11,1,1,2016,60,1,6,3,2,3,1,"00",5,1,6,1,0,1,1,1,0,0,1,1,7,3,2,2,NA,4,1,"",NA,7,7,1,1,34,5,2,30,30,NA,NA,NA,NA,180000,0,0,180000,0,0,0,0,0,0,0,0,180000,180000,0,0,0,3,"",80000,0,0,0,0,0,0,0,0,0,0,0,0,0,0,0,0,0,0,0,0,0,0,0,0,0,180000,180000,260000,61009891.8599037,260000,180000,1,234.653430230399,5
"52",23876,222310,1,1401,1032,16,2,11,2,1,2016,53,2,2,9,2,7,1,"00",6,1,5,5,1,4,4,1,3,0,2,1,NA,0,NA,NA,NA,NA,NA,"",NA,NA,NA,NA,NA,NA,NA,NA,NA,NA,9,3,3,2,3e+05,0,0,3e+05,0,0,0,0,0,0,0,0,3e+05,3e+05,0,0,0,3,"",350000,0,0,0,0,0,0,0,0,0,0,0,0,0,0,0,8000,8000,0,45000,30000,0,75000,0,0,0,375000,383000,733000,45518928.7187044,146600,75000,8,62.0994934770864,2
"53",19999,214695,15,15101,15011,NA,1,12,4,1,2016,54,1,1,4,2,5,1,"00",3,1,5,1,0,1,1,1,0,0,1,1,7,3,1,2,NA,2,1,"",NA,7,7,3,1,72,7,2,45,45,NA,NA,NA,NA,349815.967049338,0,0,349815.967049338,0,0,0,0,0,0,0,0,349815.967049338,349815.967049338,0,0,0,6,"HERENCA",149921.128735431,0,0,0,0,0,0,0,0,0,0,0,0,0,0,0,0,0,0,0,0,0,0,0,0,0,349815.967049338,349815.967049338,499737.095784769,19363410.7930162,499737.095784769,349815.967049338,1,38.747195187919,9
"54",21583,212753,2,2101,2011,NA,1,11,14,1,2016,57,1,5,9,1,7,1,"00",5,1,6,1,0,1,1,1,0,0,1,1,1,1,NA,NA,NA,NA,NA,"",NA,7,7,1,3,90,7,2,30,30,NA,NA,NA,NA,0,0,0,0,2e+06,0,2e+06,0,0,2e+06,2e+06,0,2e+06,2e+06,660000,0,660000,2,"",0,0,0,0,660000,0,0,0,0,0,0,0,0,0,0,0,0,0,0,0,0,0,0,0,0,0,2660000,2660000,2660000,295486944.522092,2660000,2660000,1,111.085317489508,10
"55",16233,232401,9,9102,9059,3547,3,11,3,1,2016,66,1,7,3,2,4,1,"00",1,1,7,2,0,2,0,0,0,2,2,0,NA,0,NA,NA,NA,NA,NA,"",NA,NA,NA,NA,NA,NA,NA,NA,NA,NA,6,2,1,1,0,0,0,0,0,0,0,0,0,0,0,0,0,0,0,0,0,3,"",50000,0,0,0,0,286000,0,0,286000,0,0,0,0,0,0,0,0,0,0,0,0,0,0,0,0,0,286000,286000,336000,74136625.1368201,168000,143000,17,220.644717669108,3
"56",21972,219451,8,8110,8051,NA,1,12,3,1,2016,55,1,1,4,2,5,1,"00",2,0,6,7,2,5,4,4,0,1,2,2,9,3,1,2,NA,2,1,"",NA,15,5,2,2,60,6,2,45,45,NA,NA,NA,NA,407285.733064587,0,119936.902988345,527222.636052931,0,0,0,0,0,0,0,0,527222.636052931,527222.636052931,0,0,0,3,"",99947.4191569538,0,0,0,0,0,0,0,0,0,0,0,0,0,0,0,0,0,0,139727.491455613,0,0,139727.491455613,0,0,0,666950.127508544,666950.127508544,766897.546665498,136387053.443623,109556.792380785,95278.5896440777,1,177.842599753565,1
"57",439,224198,8,8106,8071,NA,1,12,2,1,2016,25,1,8,3,1,4,1,"00",3,1,2,1,0,1,1,0,1,0,1,0,NA,0,NA,NA,NA,NA,NA,"",NA,NA,NA,NA,NA,NA,NA,NA,NA,NA,7,3,12,15,0,0,0,0,0,0,0,0,0,0,0,0,0,0,0,0,0,3,"",49973.7095784769,0,0,0,0,0,0,0,0,0,0,0,0,0,0,0,0,0,0,0,59968.4514941723,0,59968.4514941723,0,0,0,59968.4514941723,59968.4514941723,109942.161072649,3125157.04287868,109942.161072649,59968.4514941723,8,28.4254649207194,1
"58",21829,214888,13,13401,13381,NA,1,10,8,1,2016,36,2,3,8,1,6,1,"00",1,1,4,3,1,2,2,2,0,0,2,2,3,4,1,1,4,2,1,"",NA,14,17,5,1,94,7,2,44,44,NA,NA,NA,NA,701334,0,0,701334,0,0,0,0,0,0,0,0,701334,701334,0,0,0,2,"",0,0,0,0,0,0,0,0,0,0,0,0,0,0,0,0,0,0,0,0,0,0,0,0,0,0,701334,701334,701334,122631607.7365,233778,233778,1,174.854787785135,4
"59",21540,210936,7,7401,7071,NA,1,10,10,1,2016,39,1,4,4,1,5,1,"00",2,0,4,2,0,2,1,1,0,1,2,1,4,3,1,2,NA,2,1,"",NA,7,7,5,1,29,5,2,45,45,NA,NA,NA,NA,280467.240470754,100166.871596698,0,380634.112067452,0,0,0,0,0,0,0,0,380634.112067452,380634.112067452,0,0,0,1,"",0,0,0,0,0,0,0,0,0,0,93699.0966976992,0,0,0,93699.0966976992,0,17872.7748989988,17872.7748989988,0,0,0,0,0,0,0,0,474333.208765152,492205.98366415,492205.98366415,27142462.4161751,246102.991832075,237166.604382576,1,55.144519402461,5
"60",16618,179349,7,7401,7099,3054,3,11,12,1,2016,85,2,6,3,1,3,1,"00",4,1,7,1,0,1,0,0,0,1,1,0,NA,0,NA,NA,NA,NA,NA,"",NA,NA,NA,NA,NA,NA,NA,NA,NA,NA,NA,NA,NA,NA,0,0,0,0,0,0,0,0,0,0,0,0,0,0,0,0,0,3,"",50000,0,0,0,0,0,0,120000,120000,0,0,0,0,0,0,0,0,0,0,0,0,0,0,0,0,0,120000,120000,170000,17967041.2272536,170000,120000,19,105.688477807374,3
"61",23686,219053,8,8101,8041,NA,1,12,3,1,2016,57,2,1,9,2,7,1,"00",6,1,6,1,0,1,0,0,0,1,1,0,NA,0,NA,NA,NA,NA,NA,"",NA,NA,NA,NA,NA,NA,NA,NA,NA,NA,4,3,9,10,0,0,0,0,0,0,0,0,0,0,0,0,0,0,0,0,0,3,"",249868.547892384,0,0,0,0,0,399789.676627815,0,399789.676627815,0,0,0,0,0,0,0,0,0,0,0,0,0,0,0,0,0,399789.676627815,399789.676627815,649658.2245202,74827556.7091945,649658.2245202,399789.676627815,19,115.179880566367,9
"62",23386,218381,5,5101,5101,NA,1,12,3,1,2016,60,2,4,4,1,5,1,"00",6,1,6,1,0,1,1,1,0,0,1,1,7,2,NA,NA,NA,NA,NA,"",NA,7,19,1,5,360,8,2,28,28,NA,NA,NA,NA,0,0,0,0,119936.902988345,119936.902988345,0,0,99947.4191569538,119936.902988345,19989.4838313908,0,119936.902988345,19989.4838313908,0,0,0,3,"",99947.4191569538,0,0,0,0,90952.151432828,0,0,90952.151432828,0,0,0,0,0,0,0,0,0,0,0,0,0,0,0,0,0,210889.054421173,210889.054421173,310836.473578126,103153800.959459,310836.473578126,210889.054421173,1,331.858741582115,6
"63",21914,217955,13,13201,13351,NA,1,11,25,1,2016,37,2,5,9,1,7,1,"00",1,1,4,4,2,2,2,2,0,0,2,2,2,3,1,2,NA,2,1,"",NA,14,17,5,1,33,5,2,40,40,NA,NA,NA,NA,1500000,0,97880,1597880,6e+05,0,6e+05,0,2e+05,6e+05,4e+05,2e+05,2397880,2197880,0,0,0,2,"",0,0,0,0,0,0,0,0,0,0,0,0,0,0,0,0,0,0,0,60569,0,0,60569,0,0,0,2458449,2458449,2458449,386301157.773332,614612.25,614612.25,1,157.132060812867,9
"64",16481,187904,10,10102,10099,3831,3,12,13,1,2016,35,2,8,3,1,4,1,"00",3,1,4,1,0,1,1,1,0,0,1,1,5,3,2,1,4,4,1,"",NA,7,7,1,1,146,8,2,48,48,NA,NA,NA,NA,199894.838313908,0,0,199894.838313908,0,0,0,0,0,0,0,0,199894.838313908,199894.838313908,0,0,0,1,"",0,0,0,0,0,0,0,0,0,0,0,0,0,0,0,21142.877048462,0,21142.877048462,0,0,0,0,0,0,0,0,199894.838313908,221037.71536237,221037.71536237,55826436.0888102,221037.71536237,199894.838313908,1,252.565205884834,4
"65",21914,217193,13,13201,13351,NA,1,11,4,1,2016,65,1,5,9,1,7,1,"00",1,0,7,4,0,4,3,3,0,1,4,3,1,4,1,2,NA,2,1,"",NA,13,16,4,1,18,4,2,45,45,NA,NA,NA,NA,2300000,0,0,2300000,0,0,0,0,0,0,0,0,2300000,2300000,0,0,0,1,"",0,0,0,0,0,0,0,0,0,0,0,0,0,0,0,0,0,0,0,85795,0,0,85795,0,0,0,2385795,2385795,2385795,374884885.027034,596448.75,596448.75,1,157.132060812867,9
"66",6662,219075,9,9202,9029,903,3,12,9,1,2016,71,1,5,3,2,3,1,"00",3,1,7,1,0,1,1,1,0,0,1,1,6,2,NA,NA,NA,NA,NA,"",NA,1,1,1,8,240,8,2,48,48,NA,NA,NA,NA,0,0,0,0,50120.5929209325,70110.0767523233,0,19989.4838313908,0,70110.0767523233,70110.0767523233,0,70110.0767523233,70110.0767523233,0,0,0,3,"",39978.9676627815,0,0,0,0,0,0,0,0,0,0,93493.8143019893,0,0,93493.8143019893,0,0,0,0,0,0,0,0,0,0,0,163603.891054313,163603.891054313,203582.858717094,20414278.3482187,203582.858717094,163603.891054313,1,100.275035319094,4
"67",23847,222249,10,10301,10041,NA,1,11,3,1,2016,43,1,4,4,1,5,0,"00",1,1,4,3,1,2,1,1,0,1,2,1,NA,0,NA,NA,NA,NA,NA,"",NA,NA,NA,NA,NA,NA,NA,NA,NA,NA,5,3,7,7,0,0,0,0,1500000,0,1500000,0,0,1500000,1500000,0,1500000,1500000,0,0,0,3,"",150000,0,0,0,0,0,0,0,0,0,0,0,0,0,0,0,0,0,0,0,0,0,0,0,0,0,1500000,1500000,1650000,325314780.792053,550000,5e+05,13,197.160473207305,9
"68",24073,229023,2,2201,2021,NA,1,12,5,1,2016,50,2,4,5,1,5,1,"00",5,1,5,2,0,2,2,2,0,0,2,2,4,3,1,1,2,2,1,"",NA,7,7,2,1,23,4,2,45,45,NA,NA,NA,NA,589689.773026027,31983.1741302252,0,621672.947156253,0,0,0,0,0,0,0,0,621672.947156253,621672.947156253,0,0,0,3,"",249868.547892384,0,0,0,0,0,0,0,0,0,0,0,0,0,0,0,9594.95223906756,9594.95223906756,0,0,0,0,0,0,0,0,621672.947156253,631267.89939532,881136.447287705,117375072.239309,440568.223643852,310836.473578126,1,133.208735832697,8
"69",23482,215260,5,5101,5101,NA,1,10,5,1,2016,62,1,8,3,1,4,1,"00",1,0,6,3,0,3,0,0,0,3,1,0,NA,0,NA,NA,NA,NA,NA,"",NA,NA,NA,NA,NA,NA,NA,NA,NA,NA,8,3,9,8,0,0,0,0,0,0,0,0,0,0,0,0,0,0,0,0,0,3,"",80133.4972773584,0,0,0,0,0,250417.178991745,0,250417.178991745,0,0,0,0,0,0,0,17872.7748989988,17872.7748989988,0,0,0,0,0,0,0,0,250417.178991745,268289.953890744,348423.451168102,63069473.477642,116141.150389367,83472.3929972483,21,181.01385904479,1
"70",23654,219872,2,2201,2021,NA,1,12,1,1,2016,27,1,4,4,1,5,1,"20010",2,NA,2,3,1,2,2,2,0,0,2,2,5,3,1,2,NA,2,1,"",NA,8,9,3,1,51,6,2,45,53,NA,NA,NA,NA,624671.369730961,149921.128735431,79957.935325563,854550.433791955,0,0,0,0,0,0,0,0,854550.433791955,854550.433791955,0,0,0,1,"",0,0,0,0,0,0,0,0,0,0,0,0,0,0,0,0,0,0,0,0,0,0,0,0,0,0,854550.433791955,854550.433791955,854550.433791955,256556749.543454,284850.144597318,284850.144597318,1,300.224234168388,6
"71",19784,210647,9,9111,9059,390,3,10,10,1,2016,80,1,3,3,2,3,1,"00",1,1,7,1,0,1,0,0,0,1,1,0,NA,0,NA,NA,NA,NA,NA,"",NA,NA,NA,NA,NA,NA,NA,NA,NA,NA,7,2,4,3,0,0,0,0,0,0,0,0,0,0,0,0,0,0,0,0,0,3,"",80133.4972773584,0,0,0,0,0,0,0,0,0,0,93699.0966976992,0,0,93699.0966976992,0,17872.7748989988,17872.7748989988,0,0,0,0,0,0,0,0,93699.0966976992,111571.871596698,191705.368874056,20308372.2650832,191705.368874056,93699.0966976992,19,105.935333915583,3
"72",2430,234813,2,2201,2021,NA,1,12,15,1,2016,47,1,4,4,1,5,1,"00",1,1,5,4,2,2,1,1,0,1,1,1,7,3,1,1,2,2,2,"4",3,4,3,2,1,2,1,2,45,45,NA,NA,NA,NA,499737.095784769,0,0,499737.095784769,0,0,0,0,0,0,0,0,499737.095784769,499737.095784769,0,0,0,1,"",0,0,0,0,0,0,0,0,0,0,0,0,0,0,0,0,0,0,0,136914.971080536,0,0,136914.971080536,0,0,0,636652.066865305,636652.066865305,636652.066865305,24111895.7224932,159163.016716326,159163.016716326,1,37.8729560106721,2
"73",22051,220862,6,6101,6011,NA,1,10,7,1,2016,33,2,1,4,2,5,1,"00",2,1,3,5,3,2,2,2,0,0,1,1,5,3,1,1,3,2,1,"",NA,7,7,1,1,11,3,2,45,0,NA,NA,NA,NA,250417.178991745,0,0,250417.178991745,0,0,0,0,0,0,0,0,250417.178991745,250417.178991745,0,0,0,2,"",0,0,0,0,0,0,0,0,0,0,0,0,0,0,0,0,0,0,0,146608.239943791,0,0,146608.239943791,0,0,0,397025.418935536,397025.418935536,397025.418935536,43020221.6693233,79405.0837871072,79405.0837871072,5,108.356340973494,1
"74",6674,210092,9,9211,9029,918,3,10,1,1,2016,46,1,6,3,2,3,1,"00",1,NA,5,4,0,4,2,1,1,2,3,1,NA,0,NA,NA,NA,NA,NA,"",NA,NA,NA,NA,NA,NA,NA,NA,NA,NA,7,3,1,1,350584.050588443,0,0,350584.050588443,0,0,0,0,0,0,0,380634.112067452,731218.162655895,731218.162655895,0,0,0,1,"",0,0,0,0,0,0,0,0,0,0,0,0,0,0,0,0,0,0,0,120302.416125066,0,0,120302.416125066,0,0,0,851520.578780962,851520.578780962,851520.578780962,137806932.332975,212880.14469524,212880.14469524,8,161.83629117955,4
"75",21401,206344,8,8103,8171,NA,1,11,3,1,2016,51,1,6,9,1,7,1,"00",1,NA,5,2,0,2,2,2,0,0,2,2,2,3,1,2,NA,2,1,"",NA,13,16,5,1,251,8,2,45,27,NA,NA,NA,NA,1830000,0,0,1830000,0,0,0,0,0,0,0,0,1830000,1830000,0,0,0,2,"",0,0,0,0,0,0,0,0,0,0,0,0,0,0,0,0,0,0,0,0,0,0,0,0,0,0,1830000,1830000,1830000,272735956.360944,915000,915000,1,149.036041727292,10
"76",21402,207088,8,8106,8071,NA,1,11,5,1,2016,54,1,2,4,2,5,1,"00",1,0,5,2,0,2,1,1,0,1,1,1,9,3,1,2,NA,2,2,"11",14,4,3,5,1,143,8,2,48,72,NA,NA,NA,NA,230000,0,0,230000,0,0,0,0,0,0,0,0,230000,230000,0,0,0,4,"",85000,0,0,0,0,0,0,0,0,0,0,0,0,3e+05,3e+05,0,0,0,0,0,0,0,0,0,0,0,530000,530000,615000,16024855.8490556,307500,265000,1,26.0566761773262,6
"77",21169,233690,5,5109,5111,NA,1,11,4,1,2016,34,1,3,8,1,6,0,"00",2,1,3,2,0,2,2,2,0,0,2,2,9,3,2,2,NA,4,1,"",NA,7,7,5,1,47,6,2,20,20,NA,NA,NA,NA,550000,0,250000,8e+05,0,0,0,0,0,0,0,0,8e+05,8e+05,0,0,0,1,"",0,0,0,0,0,0,0,0,0,0,0,0,0,0,0,0,0,0,0,0,0,0,0,0,0,0,8e+05,8e+05,8e+05,149419986.640332,4e+05,4e+05,1,186.774983300415,8
"78",22670,229690,15,15101,15011,NA,1,12,2,1,2016,73,1,4,5,1,5,1,"00",1,0,7,2,0,2,0,0,0,2,2,0,NA,0,NA,NA,NA,NA,NA,"",NA,NA,NA,NA,NA,NA,NA,NA,NA,NA,7,2,6,6,0,0,0,0,0,0,0,0,0,0,0,150361.778762798,150361.778762798,150361.778762798,0,0,0,3,"",199894.838313908,0,0,0,0,289847.515555166,0,0,289847.515555166,0,0,91951.6256243975,0,0,91951.6256243975,0,11993.6902988345,11993.6902988345,0,0,0,0,0,0,0,0,532160.919942361,544154.610241196,744049.448555103,52232867.0440556,372024.724277552,266080.459971181,18,70.2008006934062,7
"79",14553,231173,11,11201,11041,NA,1,10,4,1,2016,56,2,3,3,2,3,0,"00",3,1,6,2,0,2,2,1,1,0,2,1,NA,0,NA,NA,NA,NA,NA,"",NA,NA,NA,NA,NA,NA,NA,NA,NA,NA,7,3,4,3,475792.640084315,0,0,475792.640084315,0,0,0,0,0,0,0,105175.215176533,580967.855260848,580967.855260848,0,0,0,3,"",200333.743193396,0,0,0,0,60100.1229580188,0,0,60100.1229580188,0,0,0,0,0,0,0,13021.6933075707,13021.6933075707,0,0,150250.307395047,0,150250.307395047,0,0,0,791318.285613914,804339.978921485,1004673.72211488,27404169.5856181,502336.86105744,395659.142806957,8,27.2766859353414,9
"80",7522,215928,7,7101,7041,NA,1,10,2,1,2016,62,2,3,7,1,6,0,"00",2,NA,6,3,0,3,0,0,0,3,3,0,NA,0,NA,NA,NA,NA,NA,"",NA,NA,NA,NA,NA,NA,NA,NA,NA,NA,5,3,8,9,0,0,0,0,0,0,0,0,0,0,0,380634.112067452,380634.112067452,380634.112067452,0,0,0,3,"",80133.4972773584,0,0,0,0,0,0,0,0,0,0,0,0,0,0,0,0,0,0,32053.3989109434,0,0,32053.3989109434,0,0,0,412687.510978396,412687.510978396,492821.008255754,30285205.5641501,164273.669418585,137562.503659465,12,61.4527486791579,2
"81",3884,210380,5,5604,5172,204,2,10,12,1,2016,74,1,5,3,2,3,1,"00",5,1,7,1,0,1,1,1,0,0,1,1,5,2,NA,NA,NA,NA,NA,"",NA,7,7,1,3,70,7,2,78,78,NA,NA,NA,NA,0,0,0,0,300500.614790094,310517.301949764,0,10016.6871596698,0,310517.301949764,310517.301949764,0,310517.301949764,310517.301949764,0,0,0,1,"",0,0,0,0,0,0,0,0,0,0,0,93699.0966976992,0,0,93699.0966976992,0,17872.7748989988,17872.7748989988,0,0,0,0,0,0,0,0,404216.398647463,422089.173546462,422089.173546462,330960933.674967,422089.173546462,404216.398647463,1,784.101925415853,8
"82",20495,218844,13,13117,13121,NA,1,12,6,1,2016,72,1,5,3,2,3,1,"00",4,NA,7,3,0,3,2,2,0,1,3,2,NA,0,NA,NA,NA,NA,NA,"",NA,NA,NA,NA,NA,NA,NA,NA,NA,NA,7,3,7,7,1349290.15861888,0,149921.128735431,1499211.28735431,0,0,0,0,0,0,0,0,1499211.28735431,1499211.28735431,0,0,0,3,"",199894.838313908,0,0,0,0,149921.128735431,0,0,149921.128735431,0,0,0,0,0,0,0,0,0,0,0,0,0,0,0,0,0,1649132.41608974,1649132.41608974,1849027.25440365,820665451.38434,616342.418134548,549710.805363246,17,443.836319572814,9
"83",22255,191461,14,14201,14039,65,3,11,15,1,2016,66,2,8,3,1,4,1,"00",3,1,7,1,0,1,0,0,0,1,1,0,NA,0,NA,NA,NA,NA,NA,"",NA,NA,NA,NA,NA,NA,NA,NA,NA,NA,7,2,7,19,0,0,0,0,0,0,0,0,0,0,0,0,0,0,0,0,0,3,"",1e+05,0,0,0,0,88000,0,0,88000,0,0,0,0,0,0,0,0,0,0,0,60000,0,60000,0,0,0,148000,148000,248000,29629101.6122644,248000,148000,26,119.472183920421,5
"84",21946,219341,5,5101,5101,NA,1,12,2,1,2016,83,1,5,9,1,7,1,"00",1,1,7,2,0,2,1,1,0,1,1,1,1,3,1,2,NA,2,1,"",NA,13,16,3,1,432,8,2,45,27,NA,NA,NA,NA,799579.35325563,0,0,799579.35325563,0,0,0,0,0,0,0,0,799579.35325563,799579.35325563,0,0,0,3,"",299842.257470861,0,0,0,0,1299316.4490404,0,0,1299316.4490404,0,0,0,0,0,0,0,0,0,0,0,0,0,0,0,0,0,2098895.80229603,2098895.80229603,2398738.05976689,298217605.107154,1199369.02988345,1049447.90114801,1,124.322705387905,10
"85",23906,223732,6,6101,6011,NA,1,12,3,1,2016,72,2,3,3,2,3,0,"00",5,1,7,6,1,5,3,3,0,2,4,3,NA,0,NA,NA,NA,NA,NA,"",NA,NA,NA,NA,NA,NA,NA,NA,NA,NA,NA,NA,NA,NA,549710.805363246,0,0,549710.805363246,0,0,0,0,0,0,0,256864.867233371,806575.672596617,806575.672596617,0,0,0,3,"",99947.4191569538,0,0,0,0,0,0,0,0,0,0,92951.099815967,0,0,92951.099815967,0,0,0,0,104760.886863553,0,0,104760.886863553,0,0,0,1004287.65927614,1004287.65927614,1104235.07843309,295138819.26152,184039.179738848,167381.276546023,13,267.278974401286,3
"86",22317,225385,8,8110,8051,NA,1,12,4,1,2016,52,1,5,5,1,5,1,"00",4,1,5,2,0,2,1,1,0,1,2,1,5,3,1,2,NA,2,2,"4",3,4,3,5,1,312,8,2,45,45,NA,NA,NA,NA,449763.386206292,0,0,449763.386206292,0,0,0,0,0,0,0,0,449763.386206292,449763.386206292,0,0,0,3,"",149921.128735431,0,0,0,0,0,0,0,0,0,0,0,0,0,0,0,0,0,0,85750.8877399001,0,0,85750.8877399001,0,0,0,535514.273946192,535514.273946192,685435.402681623,176608373.189676,342717.701340811,267757.136973096,1,257.658668488281,7
"87",21060,229717,8,8101,8041,NA,1,12,6,1,2016,82,1,6,3,1,3,1,"00",1,1,7,2,0,2,0,0,0,2,1,0,NA,0,NA,NA,NA,NA,NA,"",NA,NA,NA,NA,NA,NA,NA,NA,NA,NA,5,2,7,7,0,0,0,0,0,0,0,0,0,0,0,0,0,0,249868.547892384,0,249868.547892384,3,"",299842.257470861,0,0,0,249868.547892384,0,0,0,0,0,0,0,0,0,0,0,0,0,0,0,33982.1225133643,0,33982.1225133643,0,0,0,283850.670405749,283850.670405749,583692.92787661,107567490.752417,291846.463938305,141925.335202874,21,184.287808906187,6
"88",5242,205737,7,7404,7082,206,2,11,6,1,2016,72,1,3,5,2,5,1,"00",3,0,7,3,0,3,1,1,0,2,3,1,5,2,NA,NA,NA,NA,NA,"",NA,11,13,1,5,479,8,2,40,24,NA,NA,NA,NA,0,0,0,0,100234.54731335,100234.54731335,0,0,60000,100234.54731335,40234.54731335,0,100234.54731335,40234.54731335,0,0,0,6,"SUCESIÃ“N",150000,0,0,0,0,89000,0,175000,264000,0,0,93543,0,150000,243543,0,0,0,0,0,0,0,0,0,0,0,607777.54731335,607777.54731335,757777.54731335,143420327.121544,252592.515771117,202592.515771117,1,189.264418865446,5
"89",21472,209225,8,8111,8201,NA,1,12,2,1,2016,91,2,4,3,2,3,0,"00",4,0,7,2,0,2,1,1,0,1,2,1,NA,0,NA,NA,NA,NA,NA,"",NA,NA,NA,NA,NA,NA,NA,NA,NA,NA,8,3,4,3,0,0,0,0,49973.7095784769,49973.7095784769,0,0,0,49973.7095784769,49973.7095784769,0,49973.7095784769,49973.7095784769,0,0,0,3,"",149921.128735431,0,0,0,0,159915.870651126,0,0,159915.870651126,0,0,0,0,0,0,0,0,0,0,0,0,0,0,0,0,0,209889.580229603,209889.580229603,359810.708965034,130620817.245644,179905.354482517,104944.790114801,21,363.026485846861,3
"90",12343,194335,10,10305,10069,123,3,10,9,1,2016,61,1,2,4,2,5,1,"00",1,NA,6,2,0,2,2,2,0,0,2,2,6,2,NA,NA,NA,NA,NA,"",NA,1,1,1,8,178,8,2,49,49,NA,NA,NA,NA,0,0,0,0,103596.082134897,128637.800034071,0,25041.7178991745,75125.1536975235,128637.800034071,53512.6463365477,50083.435798349,178721.23583242,103596.082134897,0,0,0,3,"",50083.435798349,0,0,0,0,0,0,0,0,0,0,0,0,0,0,0,0,0,0,0,0,0,0,0,0,0,178721.23583242,178721.23583242,228804.671630769,16701464.8803358,114402.335815385,89360.6179162101,1,72.9944225408455,1
"91",22904,234330,10,10101,10071,NA,1,12,1,1,2016,22,1,3,4,2,5,0,"00",2,1,1,2,0,2,2,2,0,0,2,2,9,4,1,1,3,2,2,"11",14,14,17,4,1,2,1,2,72,72,NA,NA,NA,NA,476749.18937867,0,153972.997108054,630722.186486723,0,0,0,0,0,0,0,0,630722.186486723,630722.186486723,0,129931.64490404,129931.64490404,1,"",0,0,0,0,129931.64490404,0,0,0,0,0,0,0,0,0,0,0,0,0,0,0,0,0,0,0,0,0,760653.831390763,760653.831390763,760653.831390763,135720387.673708,380326.915695382,380326.915695382,1,178.425956818701,7
"92",23965,225670,5,5601,5161,NA,1,10,4,1,2016,32,1,5,9,1,7,1,"00",2,1,3,2,0,2,2,1,1,0,1,1,2,4,1,1,4,2,3,"12",15,13,16,5,1,20,4,2,44,44,NA,NA,NA,NA,450750.922185141,66318.4823467418,0,517069.404531883,0,0,0,0,0,0,0,0,517069.404531883,517069.404531883,0,0,0,1,"",0,0,0,0,0,0,0,0,0,0,0,0,0,0,0,0,0,0,0,0,0,0,0,0,0,0,517069.404531883,517069.404531883,517069.404531883,18620540.8331728,258534.702265941,258534.702265941,1,36.0116856073326,5
"93",18910,233724,12,12401,12022,28,2,11,8,1,2016,63,1,3,3,2,3,1,"00",2,0,6,3,0,3,3,3,0,0,3,3,1,2,NA,NA,NA,NA,NA,"",NA,8,9,1,4,311,8,2,63,63,NA,NA,NA,NA,4e+05,0,0,4e+05,4e+05,440000,0,40000,0,440000,440000,0,840000,840000,2e+05,0,2e+05,3,"",350000,0,0,0,2e+05,0,0,0,0,0,0,0,0,0,0,0,0,0,0,0,0,0,0,0,0,0,1040000,1040000,1390000,210040119.426251,463333.333333333,346666.666666667,1,151.107999587231,8
"94",23530,214759,13,13119,13131,NA,1,10,1,1,2016,54,1,4,4,1,5,1,"00",1,NA,5,3,0,3,3,3,0,0,2,2,5,2,NA,NA,NA,NA,NA,"",NA,7,7,1,4,20,4,2,65,65,NA,NA,NA,NA,150250.307395047,0,0,150250.307395047,3005006.14790094,3005006.14790094,0,0,400667.486386792,3005006.14790094,2604338.66151415,0,3155256.45529599,2754588.9689092,0,0,0,2,"",0,0,0,0,0,0,0,0,0,0,0,0,0,0,0,0,0,0,0,0,0,0,0,0,0,0,3155256.45529599,3155256.45529599,3155256.45529599,4187781490.98228,1051752.15176533,1051752.15176533,1,1327.23965557641,10
"95",23982,226289,10,10101,10071,NA,1,10,1,1,2016,41,2,5,9,1,7,1,"00",3,1,4,2,1,1,1,1,0,0,1,1,1,3,1,2,NA,2,1,"",NA,14,17,5,1,11,3,2,49,49,NA,NA,NA,NA,1302169.33075707,0,0,1302169.33075707,0,0,0,0,0,0,0,0,1302169.33075707,1302169.33075707,0,0,0,2,"",0,0,87500,0,87500,0,0,0,0,0,0,0,0,0,0,0,0,0,0,0,0,0,0,0,0,0,1389669.33075707,1389669.33075707,1389669.33075707,128220674.205436,694834.665378537,694834.665378537,1,92.2670389045596,9
"96",22974,204747,5,5601,5161,NA,1,10,3,1,2016,68,1,4,4,1,5,1,"00",1,0,7,9,4,5,5,4,1,0,4,4,9,3,1,2,NA,2,1,"",NA,6,6,3,7,178,8,2,45,45,NA,NA,NA,NA,801334.972773584,20033.3743193396,137729.44844546,959097.795538383,150250.307395047,160266.994554717,0,10016.6871596698,0,160266.994554717,160266.994554717,0,1119364.7900931,1119364.7900931,0,0,0,3,"",80133.4972773584,0,0,0,0,0,0,0,0,0,0,0,0,0,0,42378.600035131,6010.01229580188,48388.6123309329,0,420873.147725278,0,0,420873.147725278,0,0,0,1540237.93781838,1588626.55014931,1668760.04742667,108583842.633282,185417.783047408,171137.548646486,1,65.0685775949185,3
"97",24040,227898,8,8301,8131,NA,1,11,2,1,2016,68,1,6,14,1,6,1,"00",1,0,7,3,0,3,0,0,0,3,3,0,NA,0,NA,NA,NA,NA,NA,"",NA,NA,NA,NA,NA,NA,NA,NA,NA,NA,2,4,13,16,0,0,0,0,0,0,0,0,0,0,0,0,0,0,0,0,0,4,"",8e+05,0,0,0,0,740000,0,0,740000,0,0,0,0,0,0,0,0,0,0,0,0,0,0,0,0,0,740000,740000,1540000,1111677160.40845,513333.333333333,246666.666666667,17,721.868285979515,9
"98",3364,228164,13,13124,13101,NA,1,11,29,1,2016,34,2,2,8,1,6,0,"00",2,1,3,4,2,2,1,1,0,1,2,1,NA,0,NA,NA,NA,NA,NA,"",NA,NA,NA,NA,NA,NA,NA,NA,NA,NA,3,3,15,10,7e+05,0,47500,747500,0,0,0,0,0,0,0,0,747500,747500,0,0,0,3,"",2e+05,0,0,0,0,0,0,0,0,0,0,0,0,0,0,0,0,0,2e+05,66985,0,0,66985,0,0,0,814485,1014485,1214485,275275533.920259,303621.25,203621.25,13,226.660299567519,6
"99",23982,227105,10,10101,10071,NA,1,10,6,1,2016,43,2,3,7,1,6,1,"00",4,1,4,3,2,1,1,1,0,0,1,1,4,3,1,2,NA,2,1,"",NA,13,16,5,1,56,6,2,45,45,NA,NA,NA,NA,300500.614790094,60100.1229580188,0,360600.737748113,0,0,0,0,0,0,0,0,360600.737748113,360600.737748113,0,0,0,2,"",0,0,0,0,0,0,0,0,0,0,0,0,70116.8101176886,0,70116.8101176886,0,148147.804760232,148147.804760232,0,0,0,0,0,0,0,0,430717.547865801,578865.352626034,578865.352626034,53410192.0112478,192955.117542011,143572.515955267,1,92.2670389045596,3
"100",19430,190010,6,6201,6062,5,2,11,7,1,2016,62,2,5,3,2,3,1,"00",4,1,6,2,0,2,0,0,0,2,1,0,NA,0,NA,NA,NA,NA,NA,"",NA,NA,NA,NA,NA,NA,NA,NA,NA,NA,NA,NA,NA,NA,0,0,0,0,0,0,0,0,0,0,0,0,0,0,0,0,0,6,"SUCESION",80000,0,0,0,0,0,0,117000,117000,0,0,0,0,0,0,0,0,0,0,0,0,0,0,0,0,0,117000,117000,197000,9298662.56102775,98500,58500,13,47.2013327970952,1
